MD Measured Depth (ft),TVD True Vertical Depth(ft),EWOFFSET,NSOFFSET,DIP,AZM,Back Pressure Pump (psi),Equivilant Circulating Pressure (mud psi),ROP (ft/hr),Time (days),ROP (m/sec),equivilant_length (m),K (ft/day),K (m/sec),kin viscosity (kg/(m*s),densityOil (kg/m3),dyn viscosity (m2/sec),Permeability_k (m2),Permeability_k (Millidarcy),Pressure (formation psi),Pressure (formation bar),Delta Pressure (psi),Dept Pressure (fresh water head ft),Flow Rate Incremental (ft3/day),Cumulative Flow Rate (ft3/day),Cumulative Flow Rate (bbl/day),"Over, Under, Normal Pressure Flag",Volume Change (ft3),Volume change (bbl),Cumulative change in pit volume (bbl),Rate of pit volume change bbl/hr,Cumulative Change of pit (bbl)
2292,2292.0,0.0,0.0,0.0,0.0,,1146.0,20.833333333333332,0.8680555555555555,0.0017638888888888888,0.2181500872600349,0.2181500872600349,7.695850300562342e-07,0.042,800,5.25e-05,5.149976556463254e-15,5.218213745836461,1031.4,71.11255464,-114.59999999999991,-49.62179999999996,-3.6083333333333303,-3.6083333333333303,-0.6494999999999994,Normal,-3.132233796296293,-0.5578758969907401,-0.5578758969907401,-0.6426730333333327,
2364,2364.0,-0.35,-0.24,0.68,235.55,,1182.0,20.833333333333332,1.736111111111111,0.0017638888888888888,0.21150592216582065,0.21150592216582065,7.461458920849783e-07,0.042,800,5.25e-05,4.9931244786014294e-15,5.059283377942965,1063.8,73.34645687999999,-118.20000000000005,-51.18060000000002,-3.6083333333333347,-7.216666666666665,377298538063004.0,Normal,-3.132233796296297,-0.5578758969907408,-1.115751793981481,-0.6426730333333335,-0.6426730333333335
2648,2647.98,-2.91,-1.26,0.47,266.9,,1323.99,20.833333333333332,2.6041666666666665,0.0017638888888888888,0.18882317842279775,0.18882317842279775,6.661262127693143e-07,0.042,800,5.25e-05,4.45764177501861e-15,4.516705528537666,1191.5910000000001,82.15733963160001,-132.3989999999999,-57.32876699999995,-3.60833333333333,-10.824999999999996,-1.9484999999999992,Normal,-3.132233796296293,-0.5578758969907401,-1.673627690972221,-0.6426730333333326,-1.285346066666666
2932,2931.96,-6.19,-0.97,0.87,279.48,,1465.98,20.833333333333332,3.472222222222222,0.0017638888888888888,0.1705343865537047,0.1705343865537047,6.016074192311249e-07,0.042,800,5.25e-05,4.025889257497981e-15,4.079232290159882,1319.382,90.9682223832,-146.59799999999996,-63.47693399999998,-3.6083333333333325,-14.433333333333328,-2.597999999999999,Normal,-3.132233796296295,-0.5578758969907405,-2.2315035879629614,-0.6426730333333331,-1.9280190999999993
3216,3215.93,-10.47,-0.12,0.89,282.76,,1607.965,20.833333333333332,4.340277777777778,0.0017638888888888888,0.15547602093329146,0.15547602093329146,5.484848516257781e-07,0.042,800,5.25e-05,3.670399003527371e-15,3.7190317903241574,1447.1685,99.7787948706,-160.79649999999992,-69.62488449999996,-3.6083333333333316,-18.04166666666666,-3.2474999999999987,Normal,-3.132233796296296,-0.5578758969907406,-2.789379484953702,-0.6426730333333329,-2.570692133333332
3501,3500.88,-15.56,0.2,1.18,266.79,,1750.44,20.833333333333332,5.208333333333333,0.0017638888888888888,0.14282123351842965,0.14282123351842965,5.038415738011268e-07,0.042,800,5.25e-05,3.3716512041011917e-15,3.416325582555577,1575.3960000000002,108.61977324960002,-175.04399999999987,-75.79405199999994,-3.6083333333333303,-21.64999999999999,-3.8969999999999985,Normal,-3.1322337962962927,-0.55787589699074,-3.347255381944442,-0.6426730333333327,-3.213365166666665
3784,3783.85,-19.97,0.15,0.61,274.21,,1891.925,20.833333333333332,6.076388888888888,0.0017638888888888888,0.13214054468332517,0.13214054468332517,4.6616247707728596e-07,0.042,800,5.25e-05,3.1195069221596462e-15,3.1608403888783028,1702.7325,117.399319317,-189.19249999999988,-81.92035249999995,-3.6083333333333307,-25.258333333333322,-4.546499999999998,Normal,-3.132233796296293,-0.5578758969907401,-3.905131278935182,-0.6426730333333328,-3.8560381999999978
4069,4068.83,-22.97,1.22,0.71,302.84,,2034.415,20.833333333333332,6.944444444444444,0.0017638888888888888,0.12288544864248445,0.12288544864248445,4.3351255493320904e-07,0.042,800,5.25e-05,2.901017311466387e-15,2.9394557908433554,1830.9735,126.2412284886,-203.4414999999999,-88.09016949999996,-3.6083333333333316,-28.866666666666653,-5.195999999999997,Normal,-3.132233796296294,-0.5578758969907404,-4.463007175925922,-0.642673033333333,-4.498711233333331
4353,4352.82,-24.93,3.23,0.47,335.34,,2176.41,20.833333333333332,7.812499999999999,0.0017638888888888888,0.1148680625433627,0.1148680625433627,4.052289984168628e-07,0.042,800,5.25e-05,2.71174692898254e-15,2.7476775757915943,1958.769,135.0524215044,-217.64099999999985,-94.23855299999994,-3.6083333333333307,-32.47499999999998,-5.845499999999996,Normal,-3.132233796296293,-0.5578758969907401,-5.0208830729166625,-0.6426730333333328,-5.141384266666663
4637,4636.81,-25.63,5.05,0.32,344.8,,2318.405,20.833333333333332,8.680555555555555,0.0017638888888888888,0.10783275570920524,0.10783275570920524,3.8040999930747407e-07,0.042,800,5.25e-05,2.5456609754149466e-15,2.5793909833392283,2086.5645000000004,143.86361452020003,-231.8404999999998,-100.3869364999999,-3.6083333333333294,-36.08333333333331,-6.494999999999995,Normal,-3.1322337962962954,-0.5578758969907406,-5.578758969907403,-0.6426730333333326,-5.784057299999996
4912,4911.8,-23.88,4.66,0.94,120.08,,2455.9,20.833333333333332,9.54861111111111,0.0017638888888888888,0.10179567571969542,0.10179567571969542,3.591125226778144e-07,0.042,800,5.25e-05,2.4031406546304365e-15,2.4349822683043216,2210.31,152.395569756,-245.59000000000015,-106.34047000000007,-3.608333333333335,-39.69166666666664,-7.144499999999995,Normal,-3.132233796296297,-0.5578758969907408,-6.136634866898143,-0.6426730333333336,-6.42673033333333
5204,5203.77,-20.17,4.12,0.69,68.0,,2601.885,20.833333333333332,10.416666666666666,0.0017638888888888888,0.0960841851196344,0.0960841851196344,3.3896365306093246e-07,0.042,800,5.25e-05,2.2683066829267585e-15,2.2983617464755683,2341.6965000000005,161.45435360340002,-260.18849999999975,-112.66162049999988,-3.608333333333329,-43.29999999999997,-7.793999999999994,Normal,-3.132233796296292,-0.5578758969907399,-6.694510763888883,-0.6426730333333325,-7.069403366666663
5488,5487.71,-14.62,2.78,1.79,116.62,,2743.855,20.833333333333332,11.284722222222221,0.0017638888888888888,0.09111268634822176,0.09111268634822176,3.2142531017289337e-07,0.042,800,5.25e-05,2.15094206279373e-15,2.1794420451257754,2469.4695,170.2639952982,-274.38549999999987,-118.80892149999994,-3.6083333333333316,-46.9083333333333,-8.443499999999995,Normal,-3.132233796296294,-0.5578758969907404,-7.2523866608796235,-0.642673033333333,-7.7120763999999955
5772,5771.58,-6.25,1.03,1.78,86.92,,2885.79,20.833333333333332,12.152777777777777,0.0017638888888888888,0.08663139036451024,0.08663139036451024,3.056162937859111e-07,0.042,800,5.25e-05,2.0451499013119078e-15,2.072248137504318,2597.2110000000002,179.07146514360002,-288.5789999999997,-124.95470699999989,-3.6083333333333303,-50.51666666666663,-9.092999999999993,Normal,-3.1322337962962927,-0.55787589699074,-7.810262557870363,-0.6426730333333327,-8.354749433333328
6057,6056.44,2.63,0.97,1.8,93.74,,3028.22,20.833333333333332,13.020833333333332,0.0017638888888888888,0.08255674950961292,0.08255674950961292,2.912418663255789e-07,0.042,800,5.25e-05,1.948957847747816e-15,1.9747815392305004,2725.3979999999997,187.90965114479997,-302.8220000000001,-131.12192600000006,-3.608333333333335,-54.124999999999964,-9.742499999999993,Normal,-3.132233796296297,-0.5578758969907408,-8.368138454861104,-0.6426730333333336,-8.997422466666661
6341,6340.28,11.98,1.44,2.0,81.17,,3170.14,20.833333333333332,13.888888888888888,0.0017638888888888888,0.0788608704978329,0.0788608704978329,2.7820362647846606e-07,0.042,800,5.25e-05,1.861707411567593e-15,1.8863750347708883,2853.1259999999997,196.71619019759999,-317.0140000000001,-137.26706200000004,-3.6083333333333343,-57.7333333333333,-10.391999999999994,Normal,-3.1322337962962963,-0.5578758969907407,-8.926014351851844,-0.6426730333333335,-9.640095499999994
6625,6624.13,21.37,1.85,1.82,94.48,,3312.065,20.833333333333332,14.756944444444443,0.0017638888888888888,0.07548161041525453,0.07548161041525453,2.6628234785381463e-07,0.042,800,5.25e-05,1.7819315543948836e-15,1.8055421474906395,2980.8585000000003,205.52303951460001,-331.2064999999998,-143.4124144999999,-3.6083333333333307,-61.341666666666626,-11.041499999999992,Normal,-3.132233796296293,-0.5578758969907401,-9.483890248842584,-0.6426730333333328,-10.282768533333327
6720,6719.09,23.98,1.28,1.44,112.17,,3359.545,20.833333333333332,15.624999999999998,0.0017638888888888888,0.0744148389141982,0.0744148389141982,2.625190150584214e-07,0.042,800,5.25e-05,1.7567477541473293e-15,1.7800246618898048,3023.5905000000002,208.4693083578,-335.9544999999998,-145.46829849999992,-3.608333333333331,-64.94999999999996,-11.690999999999992,Normal,-3.1322337962962936,-0.5578758969907402,-10.041766145833325,-0.6426730333333329,-10.92544156666666
7002,7000.96,32.12,-0.87,2.0,99.48,,3500.48,20.833333333333332,16.493055555555554,0.0017638888888888888,0.0714187768534601,0.0714187768534601,2.5194957389970645e-07,0.042,800,5.25e-05,1.6860182414145746e-15,1.70835798311334,3150.4320000000002,217.21472536320002,-350.0479999999998,-151.5707839999999,-3.6083333333333307,-68.5583333333333,-12.340499999999993,Normal,-3.132233796296293,-0.5578758969907401,-10.599642042824065,-0.6426730333333328,-11.568114599999992
7096,7094.93,34.21,-1.54,0.76,130.66,,3547.465,20.833333333333332,17.36111111111111,0.0017638888888888888,0.07047285878789501,0.07047285878789501,2.486125851684074e-07,0.042,800,5.25e-05,1.6636874877431883e-15,1.6857313469558077,3192.7185000000004,220.13027805060003,-354.74649999999974,-153.60523449999988,-3.6083333333333303,-72.16666666666663,-12.989999999999993,Normal,-3.1322337962962994,-0.5578758969907412,-11.157517939814806,-0.6426730333333327,-12.210787633333325
7191,7189.93,34.54,-2.28,0.43,205.02,,3594.965,20.833333333333332,18.229166666666668,0.0017638888888888888,0.0695417062474878,0.0695417062474878,2.4532768592863754e-07,0.042,800,5.25e-05,1.6417053110967394e-15,1.6634579064687929,3235.4685000000004,223.07778795060003,-359.49649999999974,-155.66198449999987,-3.6083333333333303,-75.77499999999996,-13.639499999999993,Normal,-3.1322337962962994,-0.5578758969907412,-11.715393836805546,-0.6426730333333327,-12.853460666666658
7475,7473.92,32.87,-3.47,0.5,259.36,,3736.96,20.833333333333332,19.097222222222225,0.0017638888888888888,3.0,25.0,8.819444444444444e-05,0.042,800,5.25e-05,5.90187313370689e-13,598.0072952728584,3363.264,231.8889809664,-373.6959999999999,-161.81036799999995,-1348.419733333333,-1424.1947333333328,-256.3550519999999,Normal,-1170.5032407407425,-208.47599120185217,-220.1913850386577,-240.16434186453327,-253.01780253119992
7758,7756.91,30.23,-3.6,0.58,273.87,,3878.455,20.833333333333332,19.965277777777782,0.0017638888888888888,3.0,25.0,8.819444444444444e-05,0.042,800,5.25e-05,5.90187313370689e-13,598.0072952728584,3490.6095,240.66914756219998,-387.8454999999999,-167.93710149999995,-1399.4758458333329,-2823.6705791666654,-508.2607042499998,Normal,-1214.822782841437,-216.36965620632265,-436.56104124498034,-249.25784394968323,-502.27564648088315
8039,8037.89,26.97,-3.67,0.75,264.8,,4018.945,20.833333333333332,20.83333333333334,0.0017638888888888888,3.0,25.0,8.819444444444444e-05,0.042,800,5.25e-05,5.90187313370689e-13,598.0072952728584,3617.0505000000003,249.3869510538,-401.8944999999999,-174.02031849999995,-1450.169320833333,-4273.839899999998,-769.2911819999996,Normal,-1258.8275354456039,-224.2072546831456,-660.768295928126,-258.2867573949833,-760.5624038758665
8321,8319.86,22.75,-3.94,0.97,267.59,,4159.93,20.833333333333332,21.701388888888896,0.0017638888888888888,3.0,25.0,8.819444444444444e-05,0.042,800,5.25e-05,5.90187313370689e-13,598.0072952728584,3743.9370000000004,258.1354707012,-415.99299999999994,-180.12496899999996,-1501.041408333333,-5774.881308333332,-1039.4786354999997,Normal,-1302.9873336226874,-232.0724680168696,-892.8407639449956,-267.3474831554333,-1027.9098870312998
8602,8600.82,18.48,-3.54,0.8,284.65,,4300.41,20.833333333333332,22.569444444444454,0.0017638888888888888,0.058133991875193296,0.058133991875193296,2.050838046708208e-07,0.042,800,5.25e-05,1.3723977792133518e-15,1.3905820497879469,3870.369,266.8526536644,-430.0409999999997,-186.20775299999988,-3.6083333333333307,-5778.489641666665,-1040.1281354999996,Normal,-3.1322337962963,-0.5578758969907414,-893.3986398419863,-0.6426730333333329,-1028.552560064633
8882,8880.8,15.11,-1.96,0.75,306.39,,4440.4,20.833333333333332,23.43750000000001,0.0017638888888888888,0.056301234123051984,0.056301234123051984,1.9861824260076674e-07,0.042,800,5.25e-05,1.3291309642615284e-15,1.3467419495380113,3996.3599999999997,275.539430736,-444.03999999999996,-192.26932,-3.6083333333333334,-5782.097974999999,-1040.7776354999996,Normal,-3.132233796296302,-0.5578758969907417,-893.956515738977,-0.6426730333333333,-1029.1952330979664
9165,9163.77,11.53,0.3,0.97,299.21,,4581.885,20.833333333333332,24.305555555555568,0.0017638888888888888,0.054562696357503514,0.054562696357503514,1.924850677056374e-07,0.042,800,5.25e-05,1.288088446939827e-15,1.3051556188617968,4123.6965,284.3189768034,-458.1885000000002,-198.3956205000001,-3.6083333333333347,-5785.706308333332,-1041.4271354999998,Normal,-3.1322337962963034,-0.5578758969907419,-894.5143916359677,-0.6426730333333335,-1029.8379061312996
9444,9442.74,8.86,2.92,0.65,337.57,,4721.37,20.833333333333332,25.173611111111125,0.0017638888888888888,0.05295073252043369,0.05295073252043369,1.8679841750264106e-07,0.042,800,5.25e-05,1.2500340226897893e-15,1.2665969734904454,4249.233,292.9744171908,-472.1369999999997,-204.43532099999987,-3.608333333333331,-5789.314641666666,-1042.0766354999998,Normal,-3.1322337962963003,-0.5578758969907414,-895.0722675329584,-0.6426730333333329,-1030.480579164633
9724,9722.72,7.76,6.28,0.8,345.37,,4861.36,20.833333333333332,26.041666666666682,0.0017638888888888888,0.0514259384205243,0.0514259384205243,1.8141928276129406e-07,0.042,800,5.25e-05,1.2140374573590293e-15,1.2301234536690526,4375.224,301.6611942624,-486.1359999999995,-210.49688799999979,-3.6083333333333294,-5792.9229749999995,-1042.7261354999998,Normal,-3.1322337962962985,-0.5578758969907411,-895.6301434299492,-0.6426730333333326,-1031.1232521979662
10006,10004.69,7.27,10.05,0.76,0.19,,5002.345,20.833333333333332,26.90972222222224,0.0017638888888888888,0.049976560992894326,0.049976560992894326,1.7630620128048832e-07,0.042,800,5.25e-05,1.179821290556107e-15,1.195453922655991,4502.110500000001,310.4097139098,-500.23449999999957,-216.6015384999998,-3.6083333333333294,-5796.531308333333,-1043.3756354999998,Normal,-3.1322337962962985,-0.5578758969907411,-896.1880193269399,-0.6426730333333326,-1031.7659252312994
10288,10286.68,7.08,13.11,0.49,350.26,,5143.34,20.833333333333332,27.777777777777796,0.0017638888888888888,0.04860654749637395,0.04860654749637395,1.7147309811220812e-07,0.042,800,5.25e-05,1.1474787071643893e-15,1.1626828000343326,4629.006,319.1588540856,-514.3339999999998,-222.70662199999992,-3.6083333333333316,-5800.139641666667,-1044.0251355,Normal,-3.1322337962963007,-0.5578758969907415,-896.7458952239306,-0.642673033333333,-1032.4085982646327
10345,10343.67,7.07,13.6,0.5,7.59,,5171.835,20.833333333333332,28.645833333333353,0.0017638888888888888,0.04833874243861221,0.04833874243861221,1.7052834138065975e-07,0.042,800,5.25e-05,1.14115650126249e-15,1.1562768249042332,4654.6515,320.9270497614,-517.1835000000001,-223.94045550000004,-3.608333333333334,-5803.747975,-1044.6746355,Normal,-3.1322337962963025,-0.5578758969907418,-897.3037711209213,-0.6426730333333334,-1033.051271297966
10385,10383.67,7.13,13.94,0.49,11.77,,5191.835,20.833333333333332,29.51388888888891,0.0017638888888888888,0.04815253181197014,0.04815253181197014,1.698714316700058e-07,0.042,800,5.25e-05,1.1367605352841318e-15,1.1518226123766615,4672.6515,322.1681065614,-519.1835000000001,-224.80645550000003,-3.608333333333334,-5807.356308333334,-1045.3241355,Normal,-3.1322337962963025,-0.5578758969907418,-897.861647017912,-0.6426730333333334,-1033.6939443312992
10416,10414.67,7.12,13.93,0.52,194.37,,5207.335,20.833333333333332,30.381944444444468,0.0017638888888888888,0.04800920240391678,0.04800920240391678,1.6936579736937308e-07,0.042,800,5.25e-05,1.1333768873534906e-15,1.1483941311109394,4686.6015,323.12992558139996,-520.7335000000003,-225.47760550000012,-3.608333333333335,-5810.964641666667,-1045.9736355,Normal,-3.1322337962963034,-0.5578758969907419,-898.4195229149027,-0.6426730333333335,-1034.3366173646325
10447,10445.65,7.0,12.82,3.63,184.53,,5222.825,20.833333333333332,31.250000000000025,0.0017638888888888888,0.04786681537290643,0.04786681537290643,1.68863487565531e-07,0.042,800,5.25e-05,1.1300154865818576e-15,1.1449881917790823,4700.5425,324.09112407299995,-522.2825000000003,-226.14832250000012,-3.6083333333333356,-5814.572975000001,-1046.6231355000002,Normal,-3.132233796296304,-0.557875896990742,-898.9773988118934,-0.6426730333333337,-1034.9792903979658
10478,10476.51,6.86,9.97,6.92,181.99,,5238.255,20.833333333333332,32.11805555555558,0.0017638888888888888,0.047725817089851484,0.047725817089851484,1.6836607695586498e-07,0.042,800,5.25e-05,1.1266868706672148e-15,1.1416154717035703,4714.4295,325.0485993942,-523.8254999999999,-226.81644149999997,-3.6083333333333325,-5818.1813083333345,-1047.2726355000002,Normal,-3.1322337962962883,-0.5578758969907393,-899.5352747088841,-0.642673033333333,-1035.621963431299
10509,10507.14,6.64,5.22,10.73,183.22,,5253.57,20.833333333333332,32.986111111111136,0.0017638888888888888,0.04758668867075151,0.04758668867075151,1.678752628107067e-07,0.042,800,5.25e-05,1.1234023975519294e-15,1.1382874793195072,4728.213,325.9989386388,-525.357,-227.479581,-3.6083333333333334,-5821.789641666668,-1047.9221355000002,Normal,-3.132233796296302,-0.5578758969907417,-900.0931506058748,-0.6426730333333333,-1036.2646364646323
10541,10538.38,6.08,-1.68,14.28,185.59,,5269.19,20.833333333333332,33.85416666666669,0.0017638888888888888,0.04744562257197026,0.04744562257197026,1.6737761296222842e-07,0.042,800,5.25e-05,1.120072180678034e-15,1.1349131370720327,4742.271,326.96820399959995,-526.9189999999999,-228.15592699999993,-3.6083333333333325,-5825.397975000002,-1048.5716355000002,Normal,-3.132233796296301,-0.5578758969907416,-900.6510265028655,-0.6426730333333331,-1036.9073094979656
10572,10568.21,5.45,-10.06,17.2,183.32,,5284.105,20.833333333333332,34.72222222222225,0.0017638888888888888,0.04731170179245114,0.04731170179245114,1.6690517021225818e-07,0.042,800,5.25e-05,1.1169106468752777e-15,1.13170971294639,4755.6945,327.89372210819994,-528.4105,-228.80174649999998,-3.6083333333333334,-5829.006308333335,-1049.2211355000004,Normal,-3.132233796296302,-0.5578758969907417,-901.2089023998562,-0.6426730333333333,-1037.5499825312988
10604,10598.46,5.06,-20.47,20.79,181.15,,5299.23,20.833333333333332,35.59027777777781,0.0017638888888888888,0.04717666528910804,0.04717666528910804,1.664287914365756e-07,0.042,800,5.25e-05,1.1137227736306765e-15,1.1284796003812978,4769.307,328.83227131319995,-529.9229999999998,-229.4566589999999,-3.608333333333332,-5832.614641666669,-1049.8706355000004,Normal,-3.1322337962963007,-0.5578758969907415,-901.766778296847,-0.642673033333333,-1038.192655564632
10634,10626.12,5.04,-32.06,24.71,179.19,,5313.06,20.833333333333332,36.458333333333364,0.0017638888888888888,0.04705386349862414,0.04705386349862414,1.6599557400903518e-07,0.042,800,5.25e-05,1.1108237312785645e-15,1.1255421457180201,4781.754000000001,329.69046209040005,-531.3059999999996,-230.05549799999983,-3.6083333333333303,-5836.222975000002,-1050.5201355000004,Normal,-3.1322337962962994,-0.5578758969907412,-902.3246541938377,-0.6426730333333327,-1038.8353285979654
10665,10653.91,5.28,-45.81,27.94,178.86,,5326.955,20.833333333333332,37.32638888888892,0.0017638888888888888,0.046931126694331,0.046931126694331,1.6556258583833436e-07,0.042,800,5.25e-05,1.1079262230874654e-15,1.122606245543389,7457.736999999999,514.1930675811999,2130.7819999999992,922.6286059999996,14.433333333333326,-5821.789641666669,-1047.9221355000004,Over,12.528935185185203,2.231503587962966,-900.0931506058747,2.570692133333332,-1036.264636464632
10695,10679.95,5.71,-60.67,31.51,177.88,,5339.975,20.833333333333332,38.19444444444448,0.0017638888888888888,0.046816698580049526,0.046816698580049526,1.6515890887961917e-07,0.042,800,5.25e-05,1.1052248622337911e-15,1.1198690916584035,7475.965,515.4498444339999,2135.99,924.8836699999999,14.433333333333332,-5807.356308333336,-1045.3241355000005,Over,12.528935185185206,2.2315035879629668,-897.8616470179118,2.570692133333333,-1033.6939443312988
10726,10706.0,6.0,-77.47,34.15,180.05,,5353.0,20.833333333333332,39.062500000000036,0.0017638888888888888,0.04670278348589576,0.04670278348589576,1.6475704174191003e-07,0.042,800,5.25e-05,1.102535612498952e-15,1.1171442093645776,7494.2,516.70710392,2141.2,927.1395999999999,14.433333333333332,-5792.922975000002,-1042.7261355000003,Over,12.528935185185206,2.2315035879629668,-895.6301434299488,2.570692133333333,-1031.1232521979655
10758,10732.11,5.65,-95.97,36.48,182.04,,5366.055,20.833333333333332,39.93055555555559,0.0017638888888888888,0.04658916093852933,0.04658916093852933,1.6435620664425628e-07,0.042,800,5.25e-05,1.0998532690602112e-15,1.1144263248752735,7512.477,517.9672592052,2146.4219999999996,929.4007259999998,14.433333333333332,-5778.489641666669,-1040.1281355000003,Over,12.528935185185206,2.2315035879629668,-893.3986398419859,2.570692133333333,-1028.5525600646322
10789,10756.47,4.76,-115.11,39.92,183.22,,5378.235,20.833333333333332,40.79861111111115,0.0017638888888888888,0.04648365123502413,0.04648365123502413,1.6398399185689068e-07,0.042,800,5.25e-05,1.09736244952236e-15,1.1119025019785458,7529.528999999999,519.1429536803998,2151.293999999999,931.5103019999996,14.433333333333328,-5764.056308333335,-1037.5301355000004,Over,12.528935185185203,2.231503587962966,-891.1671362540229,2.570692133333332,-1025.981867931299
10820,10779.7,3.57,-135.6,42.98,183.44,,5389.85,20.833333333333332,41.66666666666671,0.0017638888888888888,0.04638348005974192,0.04638348005974192,1.636306102107562e-07,0.042,800,5.25e-05,1.0949976592496801e-15,1.109506378234753,7545.79,520.2641106039999,2155.9399999999996,933.5220199999998,14.433333333333328,-5749.622975000002,-1034.9321355000004,Over,12.528935185185203,2.231503587962966,-888.93563266606,2.570692133333332,-1023.4111757979656
10851,10801.82,2.44,-157.29,46.0,182.54,,5400.91,20.833333333333332,42.534722222222264,0.0017638888888888888,0.04628849582755499,0.04628849582755499,1.632955269472079e-07,0.042,800,5.25e-05,1.0927553196974011e-15,1.1072343276834062,7561.273999999999,521.3316952424,2160.3639999999996,935.4376119999998,14.433333333333332,-5735.189641666669,-1032.3341355000002,Over,12.528935185185206,2.2315035879629668,-886.704129078097,2.570692133333333,-1020.8404836646323
10882,10822.73,1.59,-180.15,49.15,181.73,,5411.365,20.833333333333332,43.40277777777782,0.0017638888888888888,0.04619906437654825,0.04619906437654825,1.6298003266171186e-07,0.042,800,5.25e-05,1.0906440673853804e-15,1.1050951012782513,7575.910999999999,522.3408812636,2164.5459999999994,937.2484179999997,14.433333333333328,-5720.756308333335,-1029.7361355000003,Over,12.528935185185203,2.231503587962966,-884.4726254901341,2.570692133333332,-1018.269791531299
10913,10842.31,0.76,-204.16,52.47,182.24,,5421.155,20.833333333333332,44.27083333333338,0.0017638888888888888,0.04611563403001759,0.04611563403001759,1.6268570893922873e-07,0.042,800,5.25e-05,1.0886744861024802e-15,1.1030994230433524,7589.616999999999,523.2858770692,2168.4619999999995,938.9440459999998,14.433333333333332,-5706.322975000002,-1027.1381355000003,Over,12.528935185185206,2.2315035879629668,-882.2411219021711,2.570692133333333,-1015.6990993979657
10945,10861.13,-0.13,-230.02,55.48,181.71,,5430.565,20.833333333333332,45.138888888888935,0.0017638888888888888,0.04603572556446705,0.04603572556446705,1.624038096302032e-07,0.042,800,5.25e-05,1.0867880475985262e-15,1.1011879892292211,7602.790999999999,524.1941927516,2172.2259999999997,940.5738579999999,14.433333333333332,-5691.8896416666685,-1024.5401355000004,Over,12.528935185185206,2.2315035879629668,-880.0096183142082,2.570692133333333,-1013.1284072646324
10976,10878.0,-0.83,-256.02,58.59,181.39,,5439.0,20.833333333333332,46.00694444444449,0.0017638888888888888,0.045964331678617396,0.045964331678617396,1.6215194786623357e-07,0.042,800,5.25e-05,1.0851026169712979e-15,1.0994802266461818,7614.599999999999,525.0083949599999,2175.5999999999995,942.0347999999998,14.433333333333332,-5677.456308333335,-1021.9421355000003,Over,12.528935185185206,2.2315035879629668,-877.7781147262452,2.570692133333333,-1010.5577151312991
11006,10892.93,-1.38,-282.03,61.7,181.03,,5446.465,20.833333333333332,46.87500000000005,0.0017638888888888888,0.04590133233207227,0.04590133233207227,1.6192970017147715e-07,0.042,800,5.25e-05,1.0836153603680347e-15,1.0979732638929254,7625.0509999999995,525.7289663275999,2178.5859999999993,943.3277379999997,14.433333333333328,-5663.022975000002,-1019.3441355000002,Over,12.528935185185203,2.231503587962966,-875.5466111382823,2.570692133333332,-1007.9870229979658
11037,10906.81,-1.94,-309.74,65.1,181.26,,5453.405,20.833333333333332,47.74305555555561,0.0017638888888888888,0.04584291832350614,0.04584291832350614,1.6172362853014665e-07,0.042,800,5.25e-05,1.0822363520968807e-15,1.0965759837621787,7634.766999999999,526.3988612091999,2181.361999999999,944.5297459999996,14.433333333333326,-5648.589641666668,-1016.7461355000003,Over,12.528935185185203,2.231503587962966,-873.3151075503193,2.570692133333332,-1005.4163308646325
11068,10918.89,-2.72,-338.27,69.01,181.87,,5459.445,20.833333333333332,48.611111111111164,0.0017638888888888888,0.04579220048924387,0.04579220048924387,1.615447072814992e-07,0.042,800,5.25e-05,1.0810390312031514e-15,1.0953627983666074,7643.222999999999,526.9818821147999,2183.7779999999993,945.5758739999997,14.433333333333328,-5634.156308333335,-1014.1481355000002,Over,12.528935185185203,2.231503587962966,-871.0836039623564,2.570692133333332,-1002.8456387312992
11100,10929.44,-3.59,-368.46,72.49,181.43,,5464.72,20.833333333333332,49.47916666666672,0.0017638888888888888,0.04574799806760456,0.04574799806760456,1.6138877096071607e-07,0.042,800,5.25e-05,1.0799955228642802e-15,1.0943054635422462,7650.608,527.4910601408,2185.888,946.489504,14.433333333333334,-5619.7229750000015,-1011.5501355000002,Over,12.528935185185208,2.2315035879629668,-868.8521003743934,2.570692133333333,-1000.2749465979659
11130,10937.88,-4.45,-397.23,74.81,182.01,,5468.94,20.833333333333332,50.34722222222228,0.0017638888888888888,0.045712697524566005,0.045712697524566005,1.6126423848944118e-07,0.042,800,5.25e-05,1.0791621655580222e-15,1.0934610642516802,7656.515999999999,527.8984025615999,2187.575999999999,947.2204079999996,14.433333333333326,-5605.289641666668,-1008.9521355000002,Over,12.528935185185203,2.231503587962966,-866.6205967864305,2.570692133333332,-997.7042544646326
11161,10945.29,-5.5,-427.32,77.56,181.99,,5472.645,20.833333333333332,51.215277777777835,0.0017638888888888888,1.0,1.0,3.527777777777778e-06,0.042,800,5.25e-05,2.3607492534827562e-14,23.92029181091434,7661.703,528.2560337628,2189.058,947.862114,315.954038,-5289.335603666668,-952.0804086600002,Over,274.26565798611165,48.84890781259037,-817.7716889738401,56.273941800104005,-941.4303126645286
11192,10951.35,-6.79,-457.69,79.89,182.88,,5475.675,20.833333333333332,52.08333333333339,0.0017638888888888888,1.0,1.0,3.527777777777778e-06,0.042,800,5.25e-05,2.3607492534827562e-14,23.92029181091434,7665.945,528.548509482,2190.2699999999995,948.3869099999998,316.1289699999999,-4973.2066336666685,-895.1771940600003,Over,274.417508680556,48.87595363607647,-768.8957353377637,56.30509858875999,-885.1252140757687
11224,10956.41,-8.46,-489.24,81.89,183.16,,5478.205,20.833333333333332,52.95138888888895,0.0017638888888888888,1.0,1.0,3.527777777777778e-06,0.042,800,5.25e-05,2.3607492534827562e-14,23.92029181091434,7669.486999999999,528.7927218811999,2191.2819999999992,948.8251059999997,316.2750353333332,-4656.931598333335,-838.2476877000004,Over,274.54430150463,48.898536452386644,-719.997198885377,56.33111399314931,-828.7941000826194
11255,10960.46,-10.14,-519.93,83.11,183.12,,5480.23,20.833333333333332,53.81944444444451,0.0017638888888888888,1.0,1.0,3.527777777777778e-06,0.042,800,5.25e-05,2.3607492534827562e-14,23.92029181091434,7672.321999999999,528.9881883272,2192.0919999999996,949.1758359999999,316.3919453333333,-4340.539653000002,-781.2971375400002,Over,274.6457858796301,48.91661163144916,-671.0805872539278,56.35193659942933,-772.44216348319
11286,10963.69,-11.78,-550.71,84.93,182.99,,5481.845,20.833333333333332,54.687500000000064,0.0017638888888888888,1.0,1.0,3.527777777777778e-06,0.042,800,5.25e-05,2.3607492534827562e-14,23.92029181091434,7674.583,529.1440788507999,2192.7379999999994,949.4555539999997,316.48518466666656,-4024.054468333335,-724.3298043000003,Over,274.7267228009263,48.931027144627386,-622.1495601093004,56.368543270610644,-716.0736202125794
11317,10966.03,-13.08,-581.6,86.39,181.81,,5483.015,20.833333333333332,55.55555555555562,0.0017638888888888888,0.04559535219217894,0.04559535219217894,1.6085027023352014e-07,0.042,800,5.25e-05,1.0763919364996977e-15,1.090654129658333,7676.221,529.2570150196,2193.205999999999,949.6581979999996,14.433333333333328,-4009.6211350000017,-721.7318043000002,Over,12.528935185185203,2.231503587962966,-619.9180565213375,2.570692133333332,-713.5029280792461
11348,10967.42,-14.04,-612.55,88.49,181.75,,5483.71,20.833333333333332,56.42361111111118,0.0017638888888888888,0.04558957348218633,0.04558957348218633,1.6082988422882399e-07,0.042,800,5.25e-05,1.0762555156466862e-15,1.090515901229019,7677.1939999999995,529.3241010344,2193.4839999999995,949.7785719999997,14.433333333333328,-3995.1878016666683,-719.1338043000003,Over,12.528935185185203,2.231503587962966,-617.6865529333745,2.570692133333332,-710.9322359459128
11365,10967.68,-14.47,-629.54,89.75,181.18,,5483.84,20.833333333333332,57.291666666666735,0.0017638888888888888,0.0455884927350178,0.0455884927350178,1.6082607159297942e-07,0.042,800,5.25e-05,1.0762300019159729e-15,1.0904900494413738,7677.375999999999,529.3366494976,2193.535999999999,949.8010879999996,14.433333333333326,-3980.754468333335,-716.5358043000002,Over,12.528935185185203,2.231503587962966,-615.4550493454116,2.570692133333332,-708.3615438125795
11386,10967.57,-14.98,-650.53,90.86,181.58,,5483.785,20.833333333333332,58.15972222222229,0.0017638888888888888,0.045588949967950966,0.045588949967950966,1.6082768460916035e-07,0.042,800,5.25e-05,1.0762407960390296e-15,1.090500986586561,7677.298999999999,529.3313405324,2193.513999999999,949.7915619999997,14.433333333333328,-3966.3211350000015,-713.9378043000003,Over,12.528935185185203,2.231503587962966,-613.2235457574486,2.570692133333332,-705.7908516792462
11447,10967.13,-16.73,-711.51,89.97,181.7,,5483.565,20.833333333333332,59.02777777777785,0.0017638888888888888,0.04559077899140432,0.04559077899140432,1.608341369974541e-07,0.042,800,5.25e-05,1.0762839746965503e-15,1.090544737361294,7676.990999999999,529.3101046715999,2193.4259999999995,949.7534579999998,14.43333333333333,-3951.887801666668,-711.3398043000002,Over,12.528935185185205,2.2315035879629663,-610.9920421694857,2.5706921333333326,-703.2201595459129
11478,10967.31,-17.56,-742.49,89.35,181.39,,5483.655,20.833333333333332,59.89583333333341,0.0017638888888888888,0.04559003073679872,0.04559003073679872,1.608314973214844e-07,0.042,800,5.25e-05,1.0762663102815349e-15,1.0905268388927796,7677.116999999999,529.3187920692,2193.4619999999995,949.7690459999998,14.43333333333333,-3937.4544683333347,-708.7418043000002,Over,12.528935185185205,2.2315035879629663,-608.7605385815227,2.5706921333333326,-700.6494674125796
11509,10967.76,-18.34,-773.48,88.98,181.49,,5483.88,20.833333333333332,60.763888888888964,0.0017638888888888888,0.04558816020773613,0.04558816020773613,1.608248985106247e-07,0.042,800,5.25e-05,1.0762221517806535e-15,1.0904820952917613,7677.432,529.3405105631999,2193.5519999999997,949.8080159999998,14.43333333333333,-3923.0211350000013,-706.1438043000002,Over,12.528935185185205,2.2315035879629663,-606.5290349935598,2.5706921333333326,-698.0787752792463
11570,10968.68,-20.14,-834.45,89.29,181.89,,5484.34,20.833333333333332,61.63194444444452,0.0017638888888888888,0.04558433649263175,0.04558433649263175,1.6081140929345088e-07,0.042,800,5.25e-05,1.0761318834548714e-15,1.0903906309106628,7678.076,529.3849128176,2193.736,949.8876879999999,14.433333333333332,-3908.587801666668,-703.5458043000002,Over,12.528935185185206,2.2315035879629668,-604.2975314055968,2.570692133333333,-695.508083145913
11631,10970.26,-21.89,-895.4,87.75,181.4,,5485.13,20.833333333333332,62.50000000000008,0.0017638888888888888,0.045577771174065154,0.045577771174065154,1.6078824830850763e-07,0.042,800,5.25e-05,1.0759768927458218e-15,1.0902335865747181,7679.182,529.4611688632,2194.0519999999997,950.0245159999998,14.433333333333332,-3894.1544683333345,-700.9478043000001,Over,12.528935185185206,2.2315035879629668,-602.0660278176339,2.570692133333333,-692.9373910125797
11692,10972.59,-23.26,-956.34,87.87,181.18,,5486.295,20.833333333333332,63.368055555555635,0.0017638888888888888,0.0455680928568369,0.0455680928568369,1.607541053560635e-07,0.042,800,5.25e-05,1.0757484119441062e-15,1.0900020784023798,7680.812999999999,529.5736223987999,2194.517999999999,950.2262939999996,14.433333333333326,-3879.721135000001,-698.3498043000002,Over,12.528935185185203,2.231503587962966,-599.8345242296709,2.570692133333332,-690.3666988792464
11787,10976.16,-25.04,-1051.26,87.82,180.96,,5488.08,20.833333333333332,64.23611111111119,0.0017638888888888888,0.045553271818195074,0.045553271818195074,1.607018200252993e-07,0.042,800,5.25e-05,1.0753985243850109e-15,1.0896475548331266,7683.311999999999,529.7459224511999,2195.231999999999,950.5354559999996,14.433333333333328,-3865.2878016666677,-695.7518043000001,Over,12.528935185185102,2.231503587962948,-597.603020641708,2.5706921333333326,-687.7960067459131
11881,10980.45,-25.84,-1145.15,86.95,180.02,,5490.225,20.833333333333332,65.10416666666674,0.0017638888888888888,0.04553547441134015,0.04553547441134015,1.606390347288944e-07,0.042,800,5.25e-05,1.0749783722355437e-15,1.0892218356676788,7686.315,529.952972094,2196.0899999999992,950.9069699999997,14.433333333333326,-3850.8544683333344,-693.1538043000002,Over,12.528935185185203,2.231503587962966,-595.371517053745,2.570692133333332,-685.2253146125798
11976,10984.72,-26.93,-1240.05,87.9,181.3,,5492.36,20.833333333333332,65.9722222222223,0.0017638888888888888,0.045517773780305734,0.045517773780305734,1.6057659083607855e-07,0.042,800,5.25e-05,1.0745605047205373e-15,1.0887984314080987,7689.303999999999,530.1590564704,2196.9439999999995,951.2767519999998,14.43333333333333,-3836.421135000001,-690.5558043000001,Over,12.528935185185205,2.2315035879629663,-593.1400134657821,2.5706921333333326,-682.6546224792465
12072,10987.64,-28.15,-1335.99,88.61,180.16,,5493.82,20.833333333333332,66.84027777777786,0.0017638888888888888,0.04550567728829849,0.04550567728829849,1.6053391710038634e-07,0.042,800,5.25e-05,1.0742749368757786e-15,1.0885090797893968,7691.347999999999,530.2999853647999,2197.5279999999993,951.5296239999997,14.433333333333328,-3821.9878016666676,-687.9578043000001,Over,12.528935185185203,2.231503587962966,-590.9085098778191,2.570692133333332,-680.0839303459132
12166,10988.93,-27.39,-1429.98,89.82,178.91,,5494.465,20.833333333333332,67.70833333333341,0.0017638888888888888,0.045500335337471436,0.045500335337471436,1.6051507188496867e-07,0.042,800,5.25e-05,1.0741488268115074e-15,1.088381298766774,7692.250999999999,530.3622450475999,2197.785999999999,951.6413379999997,14.433333333333326,-3807.554468333334,-685.3598043000002,Over,12.528935185185203,2.231503587962966,-588.6770062898562,2.570692133333332,-677.51323821258
12261,10989.23,-25.16,-1524.95,89.82,178.4,,5494.615,20.833333333333332,68.57638888888897,0.0017638888888888888,0.045499093203072466,0.045499093203072466,1.6051068991083897e-07,0.042,800,5.25e-05,1.0741195031329566e-15,1.0883515865494826,7692.460999999999,530.3767240435999,2197.8459999999995,951.6673179999998,14.433333333333332,-3793.121135000001,-682.7618043000001,Over,12.528935185185206,2.2315035879629668,-586.4455027018932,2.570692133333333,-674.9425460792467
12356,10990.25,-21.23,-1619.86,88.95,176.86,,5495.125,20.833333333333332,69.44444444444453,0.0017638888888888888,0.04549487045335638,0.04549487045335638,1.6049579298822945e-07,0.042,800,5.25e-05,1.0740198146005574e-15,1.088250577144029,7693.174999999999,530.42595263,2198.0499999999993,951.7556499999997,14.433333333333328,-3778.6878016666674,-680.1638043000002,Over,12.528935185185203,2.231503587962966,-584.2139991139303,2.570692133333332,-672.3718539459134
12451,10991.94,-17.7,-1714.77,89.01,178.88,,5495.97,20.833333333333332,70.31250000000009,0.0017638888888888888,0.04548787566162115,0.04548787566162115,1.6047111691738574e-07,0.042,800,5.25e-05,1.0738546851068858e-15,1.0880832596845662,7694.358,530.5075176408,2198.388,951.9020039999999,14.433333333333332,-3764.254468333334,-677.5658043000001,Over,12.528935185185206,2.2315035879629668,-581.9824955259674,2.570692133333333,-669.8011618125801
12546,10993.27,-15.42,-1809.74,89.38,178.36,,5496.635,20.833333333333332,71.18055555555564,0.0017638888888888888,0.04548237239693012,0.04548237239693012,1.604517026225035e-07,0.042,800,5.25e-05,1.073724766826775e-15,1.087951619987244,7695.289,530.5717078563999,2198.6539999999995,952.0171819999998,14.433333333333332,-3749.8211350000006,-674.9678043000001,Over,12.528935185185206,2.2315035879629668,-579.7509919380044,2.570692133333333,-667.2304696792468
12641,10993.79,-12.71,-1904.7,90.0,178.37,,5496.895,20.833333333333332,72.0486111111112,0.0017638888888888888,0.045480221106642925,0.045480221106642925,1.6044411334843475e-07,0.042,800,5.25e-05,1.0736739802573795e-15,1.087900160495804,7695.653,530.5968047828,2198.758,952.0622139999999,14.43333333333333,-3735.387801666667,-672.3698043,Over,12.528935185185205,2.2315035879629663,-577.5194883500415,2.5706921333333326,-664.6597775459135
12736,10994.02,-9.23,-1999.63,89.72,177.44,,5497.01,20.833333333333332,72.91666666666676,0.0017638888888888888,0.04547926963931301,0.04547926963931301,1.6044075678313198e-07,0.042,800,5.25e-05,1.0736515184994914e-15,1.087877401119624,7695.813999999999,530.6079053463999,2198.803999999999,952.0821319999997,14.433333333333326,-3720.954468333334,-669.7718043000001,Over,12.528935185185203,2.231503587962966,-575.2879847620785,2.570692133333332,-662.0890854125802
12831,10995.05,-3.91,-2094.47,89.04,176.14,,5497.525,20.833333333333332,73.78472222222231,0.0017638888888888888,0.04547500920868937,0.04547500920868937,1.6042572693065415e-07,0.042,800,5.25e-05,1.0735509404153488e-15,1.0877754903758663,7696.534999999999,530.6576165659999,2199.0099999999993,952.1713299999997,14.43333333333333,-3706.5211350000004,-667.1738043,Over,12.528935185185205,2.2315035879629663,-573.0564811741156,2.5706921333333326,-659.5183932792469
12926,10996.15,1.52,-2189.31,89.63,177.3,,5498.075,20.833333333333332,74.65277777777787,0.0017638888888888888,0.04547046011558591,0.04547046011558591,1.6040967874109476e-07,0.042,800,5.25e-05,1.0734435477338688e-15,1.0876666747413568,7697.304999999999,530.7107062179999,2199.2299999999996,952.2665899999998,14.433333333333332,-3692.087801666667,-664.5758043000001,Over,12.528935185185206,2.2315035879629668,-570.8249775861526,2.570692133333333,-656.9477011459136
13021,10996.97,4.96,-2284.24,89.38,178.55,,5498.485,20.833333333333332,75.52083333333343,0.0017638888888888888,0.045467069565525785,0.045467069565525785,1.6039771763393818e-07,0.042,800,5.25e-05,1.0733635053486352e-15,1.0875855717945189,7697.878999999999,530.7502821403999,2199.3939999999993,952.3376019999997,14.433333333333332,-3677.6544683333336,-661.9778043,Over,12.528935185185206,2.2315035879629668,-568.5934739981897,2.570692133333333,-654.3770090125803
13115,10997.15,5.44,-2378.23,90.4,180.87,,5498.575,20.833333333333332,76.38888888888899,0.0017638888888888888,0.04546632536611759,0.04546632536611759,1.6039509226380372e-07,0.042,800,5.25e-05,1.073345936666662e-15,1.0875677703275095,7698.004999999999,530.758969538,2199.4299999999994,952.3531899999997,14.433333333333332,-3663.2211350000002,-659.3798043,Over,12.528935185185206,2.2315035879629668,-566.3619704102267,2.570692133333333,-651.806316879247
13210,10996.46,3.46,-2473.21,90.43,181.51,,5498.23,20.833333333333332,77.25694444444454,0.0017638888888888888,0.04546917826282276,0.04546917826282276,1.6040515664940253e-07,0.042,800,5.25e-05,1.0734132864043318e-15,1.0876360124492035,7697.521999999999,530.7256678471999,2199.2919999999995,952.2934359999997,14.433333333333328,-3648.787801666667,-656.7818043,Over,12.528935185185203,2.231503587962966,-564.1304668222638,2.570692133333332,-649.2356247459137
13304,10997.24,-0.03,-2567.14,88.62,182.75,,5498.62,20.833333333333332,78.1250000000001,0.0017638888888888888,0.04546595327554914,0.04546595327554914,1.6039377961096502e-07,0.042,800,5.25e-05,1.0733371525413447e-15,1.0875588698125318,7698.067999999999,530.7633132368,2199.4479999999994,952.3609839999997,14.43333333333333,-3634.3544683333334,-654.1838043,Over,12.528935185185205,2.2315035879629663,-561.8989632343008,2.5706921333333326,-646.6649326125804
13399,10999.43,-4.32,-2662.01,88.74,182.43,,5499.715,20.833333333333332,78.99305555555566,0.0017638888888888888,0.045456900948503694,0.045456900948503694,1.6036184501277695e-07,0.042,800,5.25e-05,1.073123449798197e-15,1.0873423355080374,7699.601,530.8690099076,2199.8859999999995,952.5506379999998,14.433333333333332,-3619.921135,-651.5858043,Over,12.528935185185206,2.2315035879629668,-559.6674596463379,2.570692133333333,-644.0942404792471
13494,11001.98,-7.13,-2756.93,88.18,180.96,,5500.99,20.833333333333332,79.86111111111121,0.0017638888888888888,0.04544636510882587,0.04544636510882587,1.6032467691169122e-07,0.042,800,5.25e-05,1.072874725041654e-15,1.08709031514847,7701.3859999999995,530.9920813736,2200.3959999999997,952.7714679999999,14.433333333333334,-3605.4878016666667,-648.9878043,Over,12.528935185185208,2.2315035879629668,-557.4359560583749,2.570692133333333,-641.5235483459138
13589,11003.87,-8.74,-2851.9,89.54,180.98,,5501.935,20.833333333333332,80.72916666666677,0.0017638888888888888,0.04543855934321288,0.04543855934321288,1.602971399052232e-07,0.042,800,5.25e-05,1.0726904504882171e-15,1.0869035989572002,7702.709,531.0832990484,2200.7739999999994,952.9351419999997,14.433333333333326,-3591.0544683333333,-646.3898042999999,Over,12.528935185185203,2.231503587962966,-555.204452470412,2.570692133333332,-638.9528562125805
13683,11004.65,-9.32,-2945.89,89.51,179.73,,5502.325,20.833333333333332,81.59722222222233,0.0017638888888888888,0.04543533869773232,0.04543533869773232,1.602857781836668e-07,0.042,800,5.25e-05,1.0726144191240777e-15,1.086826560177486,7703.254999999999,531.1209444379999,2200.9299999999994,953.0026899999997,14.43333333333333,-3576.621135,-643.7918043,Over,12.528935185185205,2.2315035879629663,-552.972948882449,2.5706921333333326,-636.3821640792472
13778,11006.69,-8.48,-3040.86,88.03,179.25,,5503.345,20.833333333333332,82.46527777777789,0.0017638888888888888,0.04542691762918734,0.04542691762918734,1.6025607052518866e-07,0.042,800,5.25e-05,1.0724156188112665e-15,1.08662512576053,7704.683,531.2194016108,2201.3379999999997,953.1793539999999,14.43333333333333,-3562.1878016666665,-641.1938042999999,Over,12.528935185185205,2.2315035879629663,-550.7414452944861,2.5706921333333326,-633.8114719459139
13873,11009.79,-7.37,-3135.81,88.24,179.41,,5504.895,20.833333333333332,83.33333333333344,0.0017638888888888888,0.0454141268816208,0.0454141268816208,1.6021094761016227e-07,0.042,800,5.25e-05,1.0721136613335748e-15,1.0863191673462589,7706.853,531.3690179028,2201.9579999999996,953.4478139999999,14.433333333333328,-3547.754468333333,-638.5958042999999,Over,12.528935185185203,2.231503587962966,-548.5099417065231,2.570692133333332,-631.2407798125806
13968,11012.93,-5.56,-3230.74,87.97,178.41,,5506.465,20.833333333333332,84.201388888889,0.0017638888888888888,0.04540117843298741,0.04540117843298741,1.601652683608167e-07,0.042,800,5.25e-05,1.0718079809291244e-15,1.0860094366764494,7709.0509999999995,531.5205647276,2202.5859999999993,953.7197379999997,14.43333333333333,-3533.3211349999997,-635.9978042999999,Over,12.528935185185205,2.2315035879629663,-546.2784381185602,2.5706921333333326,-628.6700876792473
14061,11016.15,-2.97,-3323.65,88.06,178.4,,5508.075,20.833333333333332,85.06944444444456,0.0017638888888888888,0.045387907753616286,0.045387907753616286,1.6011845235303524e-07,0.042,800,5.25e-05,1.0714946934649383e-15,1.085691998153363,7711.304999999999,531.675972618,2203.2299999999996,953.9985899999998,14.433333333333332,-3518.8878016666663,-633.3998042999999,Over,12.528935185185206,2.2315035879629668,-544.0469345305972,2.570692133333333,-626.099395545914
14125,11017.99,-1.18,-3387.59,88.64,178.39,,5508.995,20.833333333333332,85.93750000000011,0.0017638888888888888,0.04538032799085859,0.04538032799085859,1.600917126344178e-07,0.042,800,5.25e-05,1.0713157542722202e-15,1.0855106880163412,7712.592999999999,531.7647771267999,2203.597999999999,954.1579339999996,14.433333333333328,-3504.454468333333,-630.8018042999998,Over,12.528935185185203,2.231503587962966,-541.8154309426343,2.570692133333332,-623.5287034125807
14156,11018.52,-0.47,-3418.58,89.39,179.0,,5509.26,20.833333333333332,86.80555555555567,0.0017638888888888888,0.04537814515924098,0.04537814515924098,1.600840120895446e-07,0.042,800,5.25e-05,1.0712642230911031e-15,1.0854584740470745,7712.964,531.7903566864,2203.7039999999997,954.2038319999999,14.43333333333333,-3490.0211349999995,-628.2038042999999,Over,12.528935185185205,2.2315035879629663,-539.5839273546713,2.5706921333333326,-620.9580112792474
14252,11018.7,-0.12,-3514.58,90.4,180.58,,5509.35,20.833333333333332,87.67361111111123,0.0017638888888888888,0.04537740386796991,0.04537740386796991,1.6008139697867163e-07,0.042,800,5.25e-05,1.0712467230629548e-15,1.0854407421435532,7713.09,531.799044084,2203.74,954.2194199999999,14.433333333333332,-3475.587801666666,-625.6058042999999,Over,12.528935185185206,2.2315035879629668,-537.3524237667084,2.570692133333333,-618.3873191459141
14347,11017.61,-0.44,-3609.57,90.92,179.8,,5508.805,20.833333333333332,88.54166666666679,0.0017638888888888888,0.0453818931692082,0.0453818931692082,1.6009723423581785e-07,0.042,800,5.25e-05,1.0713527042084245e-15,1.0855481275392003,7712.327,531.7464370652,2203.522,954.1250259999999,14.433333333333334,-3461.1544683333327,-623.0078042999999,Over,12.528935185185208,2.2315035879629668,-535.1209201787455,2.570692133333333,-615.8166270125809
14441,11016.37,0.5,-3703.55,90.58,179.06,,5508.185,20.833333333333332,89.40972222222234,0.0017638888888888888,0.04538700134436298,0.04538700134436298,1.6011525474261387e-07,0.042,800,5.25e-05,1.0714732954152576e-15,1.0856703165795238,7711.459,531.6865905484,2203.2739999999994,954.0176419999998,14.43333333333333,-3446.7211349999993,-620.4098042999999,Over,12.528935185185205,2.2315035879629663,-532.8894165907825,2.5706921333333326,-613.2459348792476
14536,11015.28,1.12,-3798.54,90.74,180.19,,5507.64,20.833333333333332,90.2777777777779,0.0017638888888888888,0.04539149254490126,0.04539149254490126,1.6013109870006834e-07,0.042,800,5.25e-05,1.0715793213984373e-15,1.0857777474069807,7710.696,531.6339835296,2203.0559999999996,953.9232479999998,14.43333333333333,-3432.287801666666,-617.8118042999998,Over,12.528935185185205,2.2315035879629663,-530.6579130028196,2.5706921333333326,-610.6752427459143
14631,11014.24,2.02,-3893.53,90.52,178.72,,5507.12,20.833333333333332,91.14583333333346,0.0017638888888888888,0.045395778555760546,0.045395778555760546,1.6014621879393304e-07,0.042,800,5.25e-05,1.0716805033678022e-15,1.0858802700374397,7709.967999999999,531.5837896767999,2202.847999999999,953.8331839999996,14.433333333333328,-3417.8544683333325,-615.2138042999999,Over,12.528935185185203,2.231503587962966,-528.4264094148566,2.570692133333332,-608.104550612581
14726,11013.19,3.66,-3988.51,90.74,179.31,,5506.595,20.833333333333332,92.01388888888901,0.0017638888888888888,0.0454001065994503,0.0454001065994503,1.60161487170283e-07,0.042,800,5.25e-05,1.0717826776268983e-15,1.085983798105469,7709.233,531.5331131908,2202.638,953.742254,14.433333333333334,-3403.421134999999,-612.6158042999998,Over,12.528935185185208,2.2315035879629668,-526.1949058268937,2.570692133333333,-605.5338584792477
14820,11015.04,4.62,-4082.47,87.01,179.52,,5507.52,20.833333333333332,92.88194444444457,0.0017638888888888888,0.04539248155249549,0.04539248155249549,1.6013458769908134e-07,0.042,800,5.25e-05,1.0716026693878353e-15,1.0858014047572382,7710.528,531.6224003328,2203.008,953.9024639999999,14.43333333333333,-3388.9878016666657,-610.0178042999999,Over,12.528935185185205,2.2315035879629663,-523.9634022389307,2.5706921333333326,-602.9631663459144
14915,11019.3,4.47,-4177.37,87.84,180.66,,5509.65,20.833333333333332,93.75000000000013,0.0017638888888888888,0.04537493307197372,0.04537493307197372,1.6007268055946284e-07,0.042,800,5.25e-05,1.0711883937649198e-15,1.085381639982319,7713.509999999999,531.828002076,2203.8599999999997,954.2713799999998,14.43333333333333,-3374.5544683333324,-607.4198042999998,Over,12.528935185185205,2.2315035879629663,-521.7318986509678,2.5706921333333326,-600.3924742125811
15010,11021.76,2.78,-4272.32,89.2,181.37,,5510.88,20.833333333333332,94.61805555555569,0.0017638888888888888,0.045364805620880876,0.045364805620880876,1.6003695316255196e-07,0.042,800,5.25e-05,1.0709493100388483e-15,1.0851393883968772,7715.232,531.9467298431999,2204.352,954.4844159999999,14.43333333333333,-3360.121134999999,-604.8218042999998,Over,12.528935185185205,2.2315035879629663,-519.5003950630048,2.5706921333333326,-597.8217820792478
15105,11023.04,-0.56,-4367.25,89.26,182.67,,5511.52,20.833333333333332,95.48611111111124,0.0017638888888888888,0.04535953784074085,0.04535953784074085,1.6001836960483577e-07,0.042,800,5.25e-05,1.0708249509585179e-15,1.0850133815587324,7716.128,532.0085068927999,2204.6079999999993,954.5952639999997,14.433333333333328,-3345.6878016666656,-602.2238042999998,Over,12.528935185185203,2.231503587962966,-517.2688914750419,2.570692133333332,-595.2510899459145
15200,11023.93,-4.81,-4462.15,89.66,182.45,,5511.965,20.833333333333332,96.3541666666668,0.0017638888888888888,2.0,2.0,7.055555555555556e-06,0.042,800,5.25e-05,4.7214985069655124e-14,47.84058362182868,7716.750999999999,532.0514612476,2204.785999999999,954.6723379999996,636.4482253333331,-2709.2395763333325,-487.66312373999983,Over,552.4724178240749,98.39975739381033,-418.86913408123155,113.3565205176693,-481.8945694282452
15296,11024.47,-8.48,-4558.08,89.69,181.93,,5512.235,20.833333333333332,97.22222222222236,0.0017638888888888888,2.0,2.0,7.055555555555556e-06,0.042,800,5.25e-05,4.7214985069655124e-14,47.84058362182868,7717.128999999999,532.0775234403999,2204.8939999999993,954.7191019999997,636.4794013333332,-2072.7601749999994,-373.0968314999999,Over,552.499480324075,98.40457744156033,-320.46455663967123,113.3620732126773,-368.5324962155679
15390,11024.88,-12.13,-4652.01,89.82,182.53,,5512.44,20.833333333333332,98.09027777777791,0.0017638888888888888,2.0,2.0,7.055555555555556e-06,0.042,800,5.25e-05,4.7214985069655124e-14,47.84058362182868,7717.415999999999,532.0973114015999,2204.9759999999997,954.7546079999998,636.5030719999999,-1436.2571029999995,-258.5262785399999,Over,552.5200277777786,98.40823710744459,-222.05631953222664,113.36628914777596,-255.16620706779196
15485,11026.92,-15.47,-4746.92,87.72,181.5,,5513.46,20.833333333333332,98.95833333333347,0.0017638888888888888,2.0,2.0,7.055555555555556e-06,0.042,800,5.25e-05,4.7214985069655124e-14,47.84058362182868,7718.843999999999,532.1957685744,2205.383999999999,954.9312719999996,636.6208479999997,-799.6362549999998,-143.93452589999995,Over,552.6222638888896,98.42644617672235,-123.62987335550429,113.38726599558395,-141.778941072208
15580,11029.11,-19.0,-4841.83,89.63,182.76,,5514.555,20.833333333333332,99.82638888888903,0.0017638888888888888,2.0,2.0,7.055555555555556e-06,0.042,800,5.25e-05,4.7214985069655124e-14,47.84058362182868,7720.3769999999995,532.3014652451999,2205.821999999999,955.1209259999996,636.7472839999997,-162.88897100000008,-29.320014780000015,Over,552.7320173611118,98.4459941481529,-25.18387920735138,113.40978525867195,-28.369155813536054
15675,11028.19,-23.88,-4936.69,91.48,183.12,,5514.095,20.833333333333332,100.69444444444458,0.0017638888888888888,2.0,2.0,7.055555555555556e-06,0.042,800,5.25e-05,4.7214985069655124e-14,47.84058362182868,7719.733,532.2570629908,2205.638,955.041254,636.6941693333333,473.80519833333324,85.28493569999998,Over,552.6859108796306,98.43778221494924,73.25390300759786,113.40032511162131,85.03116929808526
15770,11026.84,-29.16,-5031.53,90.15,183.26,,5513.42,20.833333333333332,101.56250000000014,0.0017638888888888888,2.0,2.0,7.055555555555556e-06,0.042,800,5.25e-05,4.7214985069655124e-14,47.84058362182868,7718.788,532.1919075088,2205.3679999999995,954.9243439999998,636.6162293333332,1110.4214276666664,199.87585697999995,Over,552.6182546296305,98.42573209557423,171.67963510317207,113.3864433741013,198.41761267218658
15864,11028.26,-32.69,-5125.45,88.12,181.04,,5514.13,20.833333333333332,102.4305555555557,0.0017638888888888888,2.0,2.0,7.055555555555556e-06,0.042,800,5.25e-05,4.7214985069655124e-14,47.84058362182868,7719.781999999999,532.2604414232,2205.651999999999,955.0473159999996,636.6982106666663,1747.1196383333327,314.4815348999999,Over,552.6894189814822,98.43840703595382,270.1180421391259,113.40104490541859,311.81865757760517
15958,11030.46,-34.85,-5219.39,89.2,181.6,,5515.23,20.833333333333332,103.29861111111126,0.0017638888888888888,2.0,2.0,7.055555555555556e-06,0.042,800,5.25e-05,4.7214985069655124e-14,47.84058362182868,7721.321999999999,532.3666207271999,2206.0919999999996,955.2378359999998,636.8252239999998,2383.9448623333324,429.1100752199998,Over,552.799673611112,98.45804426752792,368.57608640665387,113.42366699619197,425.24232457379713
16053,11030.13,-38.25,-5314.33,91.2,182.5,,5515.065,20.833333333333332,104.16666666666681,0.0017638888888888888,2.0,2.0,7.055555555555556e-06,0.042,800,5.25e-05,4.7214985069655124e-14,47.84058362182868,7721.0909999999985,532.3506938315999,2206.025999999999,955.2092579999995,636.8061719999997,3020.751034333332,543.7351861799997,Over,552.7831354166674,98.45509868279179,467.03118508944567,113.42027368257592,538.662598256373
16148,11028.88,-41.66,-5409.25,90.31,181.62,,5514.44,20.833333333333332,105.03472222222237,0.0017638888888888888,2.0,2.0,7.055555555555556e-06,0.042,800,5.25e-05,4.7214985069655124e-14,47.84058362182868,7720.2159999999985,532.2903646815998,2205.775999999999,955.1010079999995,636.734005333333,3657.485039666665,658.3473071399998,Over,552.7204907407415,98.44394116485199,565.4751262542977,113.40742022190929,652.0700184782823
16242,11031.48,-44.0,-5503.17,86.51,181.23,,5515.74,20.833333333333332,105.90277777777793,0.0017638888888888888,2.0,2.0,7.055555555555556e-06,0.042,800,5.25e-05,4.7214985069655124e-14,47.84058362182868,7722.035999999999,532.4158493135999,2206.2959999999994,955.3261679999997,636.8841119999998,4294.369151666665,772.9864472999997,Over,552.8507916666675,98.46714880216682,663.9422750564645,113.43415542009596,765.5041738983783
16338,11037.81,-45.79,-5598.95,85.93,180.91,,5518.905,20.833333333333332,106.77083333333348,0.0017638888888888888,2.0,2.0,7.055555555555556e-06,0.042,800,5.25e-05,4.7214985069655124e-14,47.84058362182868,7726.466999999999,532.7213561291999,2207.561999999999,955.8743459999996,637.2495639999997,4931.618715666665,887.6913688199996,Over,553.1680243055563,98.52365047301402,762.4659255294785,113.49924534491194,879.0034192432903
16433,11043.84,-47.25,-5693.74,86.79,180.86,,5521.92,20.833333333333332,107.63888888888904,0.0017638888888888888,2.0,2.0,7.055555555555556e-06,0.042,800,5.25e-05,4.7214985069655124e-14,47.84058362182868,7730.687999999999,533.0123839487999,2208.767999999999,956.3965439999996,637.5976959999997,5569.2164116666645,1002.4589540999996,Over,553.470222222223,98.57747433955569,861.0433998690341,113.56125043916795,992.5646696824582
16528,11047.76,-47.39,-5788.65,88.49,179.31,,5523.88,20.833333333333332,108.5069444444446,0.0017638888888888888,0.045258043259448065,0.045258043259448065,1.5966031927638622e-07,0.042,800,5.25e-05,1.068428918388323e-15,1.0825856015569824,7733.432,533.2015761632,2209.5519999999997,956.7360159999998,14.43333333333333,5583.649744999998,1005.0569540999995,Over,12.528935185185205,2.2315035879629663,863.2749034569971,2.5706921333333326,995.1353618157915
16623,11050.97,-46.52,-5883.6,87.63,179.63,,5525.485,20.833333333333332,109.37500000000016,0.0017638888888888888,0.045244897054285735,0.045244897054285735,1.5961394238595243e-07,0.042,800,5.25e-05,1.0681185694480918e-15,1.0822711404932932,7735.678999999999,533.3565014203999,2210.1939999999995,957.0140019999998,14.43333333333333,5598.083078333331,1007.6549540999996,Over,12.528935185185205,2.2315035879629663,865.50640704496,2.5706921333333326,997.7060539491248
16719,11053.99,-45.43,-5979.54,88.77,179.07,,5526.995,20.833333333333332,110.24305555555571,0.0017638888888888888,0.04523253594403469,0.04523253594403469,1.5957033513590015e-07,0.042,800,5.25e-05,1.0678267546301181e-15,1.0819754591289814,7737.793,533.5022566468,2210.798,957.2755339999999,14.433333333333332,5612.516411666665,1010.2529540999996,Over,12.528935185185206,2.2315035879629668,867.737910632923,2.570692133333333,1000.2767460824581
16813,11054.41,-44.53,-6073.53,90.71,179.83,,5527.205,20.833333333333332,111.11111111111127,0.0017638888888888888,0.045230817384193274,0.045230817384193274,1.5956427243868182e-07,0.042,800,5.25e-05,1.0677861837414914e-15,1.0819343506760803,7738.0869999999995,533.5225272411999,2210.8819999999996,957.3119059999998,14.43333333333333,5626.949744999998,1012.8509540999996,Over,12.528935185185205,2.2315035879629663,869.9694142208859,2.5706921333333326,1002.8474382157914
16908,11053.29,-44.05,-6168.52,90.65,179.6,,5526.645,20.833333333333332,111.97916666666683,0.0017638888888888888,0.045235400500665414,0.045235400500665414,1.595804406551252e-07,0.042,800,5.25e-05,1.0678943796293936e-15,1.0820439801594972,7737.303,533.4684723227999,2210.6579999999994,957.2149139999998,14.433333333333332,5641.3830783333315,1015.4489540999996,Over,12.528935185185206,2.2315035879629668,872.2009178088489,2.570692133333333,1005.4181303491247
17003,11053.15,-43.8,-6263.52,89.51,180.09,,5526.575,20.833333333333332,112.84722222222238,0.0017638888888888888,0.04523597345553078,0.04523597345553078,1.595824619125669e-07,0.042,800,5.25e-05,1.0679079056571002e-15,1.082057685407071,7737.204999999999,533.461715458,2210.629999999999,957.2027899999996,14.433333333333328,5655.816411666665,1018.0469540999997,Over,12.528935185185203,2.231503587962966,874.4324213968118,2.570692133333332,1007.988822482458
17097,11053.37,-43.05,-6357.51,90.22,179.0,,5526.685,20.833333333333332,113.71527777777794,0.0017638888888888888,0.04523507310440164,0.04523507310440164,1.5957928567386135e-07,0.042,800,5.25e-05,1.0678866506245407e-15,1.08203614874533,7737.359,533.4723333884,2210.674,957.221842,14.433333333333334,5670.249744999998,1020.6449540999996,Over,12.528935185185208,2.2315035879629668,876.6639249847748,2.570692133333333,1010.5595146157913
17191,11053.14,-42.12,-6451.51,90.06,179.87,,5526.57,20.833333333333332,114.5833333333335,0.0017638888888888888,0.045236014381433695,0.045236014381433695,1.5958260629005776e-07,0.042,800,5.25e-05,1.067908871815048e-15,1.0820586643666117,7737.197999999999,533.4612328247999,2210.6279999999997,957.2019239999998,14.433333333333334,5684.683078333332,1023.2429540999997,Over,12.528935185185208,2.2315035879629668,878.8954285727377,2.570692133333333,1013.1302067491246
17286,11052.61,-41.28,-6546.5,90.58,179.11,,5526.305,20.833333333333332,115.45138888888906,0.0017638888888888888,0.045238183560263136,0.045238183560263136,1.595902586709283e-07,0.042,800,5.25e-05,1.067960080688071e-15,1.082110551757202,7736.827,533.4356532652,2210.522,957.156026,14.433333333333332,5699.116411666665,1025.8409540999996,Over,12.528935185185206,2.2315035879629668,881.1269321607007,2.570692133333333,1015.7008988824579
17381,11052.26,-39.48,-6641.48,89.85,178.72,,5526.13,20.833333333333332,116.31944444444461,0.0017638888888888888,0.04523961615090488,0.04523961615090488,1.5959531253235892e-07,0.042,800,5.25e-05,1.0679939005609516e-15,1.0821448197433983,7736.581999999999,533.4187611031999,2210.4519999999993,957.1257159999997,14.433333333333326,5713.549744999998,1028.4389540999996,Over,12.528935185185203,2.231503587962966,883.3584357486636,2.570692133333332,1018.2715910157912
17476,11053.17,-36.54,-6736.43,89.05,177.73,,5526.585,20.833333333333332,117.18750000000017,0.0017638888888888888,0.0452358916039471,0.0452358916039471,1.5958217315836893e-07,0.042,800,5.25e-05,1.0679059733464499e-15,1.0820557274933045,7737.218999999999,533.4626807243999,2210.633999999999,957.2045219999997,14.433333333333328,5727.983078333332,1031.0369540999998,Over,12.528935185185203,2.231503587962966,885.5899393366266,2.570692133333332,1020.8422831491245
17571,11055.08,-32.48,-6831.33,88.65,177.38,,5527.54,20.833333333333332,118.05555555555573,0.0017638888888888888,0.04522807614237075,0.04522807614237075,1.595546019466968e-07,0.042,800,5.25e-05,1.0677214698956298e-15,1.081868779371761,7738.556,533.5548636656,2211.0159999999996,957.3699279999998,14.433333333333334,5742.416411666665,1033.6349540999997,Over,12.528935185185208,2.2315035879629668,887.8214429245895,2.570692133333333,1023.4129752824578
17666,11057.78,-28.56,-6926.2,88.09,177.88,,5528.89,20.833333333333332,118.92361111111128,0.0017638888888888888,0.04521703271361883,0.04521703271361883,1.595156431841553e-07,0.042,800,5.25e-05,1.0674607622338098e-15,1.081604617333422,7740.446,533.6851746295999,2211.5559999999996,957.6037479999998,14.433333333333328,5756.849744999999,1036.2329540999997,Over,12.528935185185203,2.231503587962966,890.0529465125525,2.570692133333332,1025.9836674157912
17761,11060.23,-26.62,-7021.15,88.95,179.78,,5530.115,20.833333333333332,119.79166666666684,0.0017638888888888888,0.045207016490615475,0.045207016490615475,1.5948030817522682e-07,0.042,800,5.25e-05,1.0672243043240312e-15,1.0813650263563388,7742.160999999999,533.8034197635999,2212.0459999999994,957.8159179999997,14.433333333333328,5771.283078333332,1038.8309540999996,Over,12.528935185185203,2.231503587962966,892.2844501005154,2.570692133333332,1028.5543595491245
17855,11062.26,-25.9,-7115.12,88.58,179.35,,5531.13,20.833333333333332,120.6597222222224,0.0017638888888888888,0.045198720695409436,0.045198720695409436,1.5945104245324993e-07,0.042,800,5.25e-05,1.0670284614006342e-15,1.0811665885142068,7743.581999999999,533.9013943031999,2212.4519999999993,957.9917159999997,14.433333333333328,5785.716411666665,1041.4289540999998,Over,12.528935185185203,2.231503587962966,894.5159536884784,2.570692133333332,1031.1250516824578
17950,11064.51,-25.1,-7210.09,88.71,179.68,,5532.255,20.833333333333332,121.52777777777796,0.0017638888888888888,0.04518952940527868,0.04518952940527868,1.5941861762417757e-07,0.042,800,5.25e-05,1.0668114780874868e-15,1.08094673017216,7745.156999999999,534.0099867731999,2212.901999999999,958.1865659999996,14.433333333333326,5800.149744999999,1044.0269540999998,Over,12.528935185185203,2.231503587962966,896.7474572764413,2.570692133333332,1033.695743815791
18046,11066.78,-25.67,-7306.06,88.58,181.0,,5533.39,20.833333333333332,122.39583333333351,0.0017638888888888888,0.04518026020215455,0.04518026020215455,1.5938591793537855e-07,0.042,800,5.25e-05,1.0665926554439302e-15,1.0807250081285764,7746.746,534.1195445096,2213.3559999999998,958.3831479999999,14.433333333333328,5814.583078333332,1046.6249540999997,Over,12.528935185185203,2.231503587962966,898.9789608644043,2.570692133333332,1036.2664359491243
18141,11068.57,-26.97,-7401.04,89.26,180.57,,5534.285,20.833333333333332,123.26388888888907,0.0017638888888888888,0.04517295368778442,0.04517295368778442,1.5936014217635062e-07,0.042,800,5.25e-05,1.066420166960482e-15,1.0805502341727224,7747.998999999999,534.2059358523999,2213.713999999999,958.5381619999996,14.433333333333328,5829.016411666666,1049.2229540999997,Over,12.528935185185203,2.231503587962966,901.2104644523672,2.570692133333332,1038.8371280824576
18236,11069.23,-28.48,-7496.02,89.94,181.25,,5534.615,20.833333333333332,124.13194444444463,0.0017638888888888888,0.04517026026200558,0.04517026026200558,1.593506403687419e-07,0.042,800,5.25e-05,1.0663565819315145e-15,1.0804858066421212,7748.460999999999,534.2377896436,2213.8459999999995,958.5953179999998,14.433333333333332,5843.449744999999,1051.8209540999999,Over,12.528935185185206,2.2315035879629668,903.4419680403302,2.570692133333333,1041.407820215791
18331,11069.15,-30.35,-7591.0,90.15,181.01,,5534.575,20.833333333333332,125.00000000000018,0.0017638888888888888,0.045170586720750916,0.045170586720750916,1.5935179204264908e-07,0.042,800,5.25e-05,1.0663642888039082e-15,1.0804936156305742,7748.404999999999,534.2339285779999,2213.829999999999,958.5883899999995,14.433333333333326,5857.883078333332,1054.4189540999998,Over,12.528935185185203,2.231503587962966,905.6734716282931,2.570692133333332,1043.9785123491242
18426,11068.62,-31.85,-7685.99,90.49,180.8,,5534.31,20.833333333333332,125.86805555555574,0.0017638888888888888,0.045172749629131724,0.045172749629131724,1.5935942230277025e-07,0.042,800,5.25e-05,1.0664153496473616e-15,1.0805453530302032,7748.034,534.2083490184,2213.7239999999993,958.5424919999997,14.433333333333328,5872.316411666666,1057.0169540999998,Over,12.528935185185203,2.231503587962966,907.904975216256,2.570692133333332,1046.5492044824575
18520,11067.99,-32.8,-7779.98,90.28,180.35,,5533.995,20.833333333333332,126.7361111111113,0.0017638888888888888,0.04517532090289204,0.04517532090289204,1.5936849318520245e-07,0.042,800,5.25e-05,1.0664760509734629e-15,1.0806068586488753,7747.592999999999,534.1779431268,2213.597999999999,958.4879339999995,14.433333333333328,5886.749744999999,1059.6149540999997,Over,12.528935185185203,2.231503587962966,910.136478804219,2.570692133333332,1049.1198966157908
18615,11067.79,-32.99,-7874.98,89.97,179.88,,5533.895,20.833333333333332,127.60416666666686,0.0017638888888888888,0.045176137241490846,0.045176137241490846,1.593713730463705e-07,0.042,800,5.25e-05,1.0664953226808406e-15,1.0806263857063758,7747.453,534.1682904628,2213.558,958.470614,14.433333333333334,5901.183078333333,1062.2129541,Over,12.528935185185208,2.2315035879629668,912.367982392182,2.570692133333333,1051.6905887491241
18710,11068.04,-31.83,-7969.97,89.72,178.72,,5534.02,20.833333333333332,128.4722222222224,0.0017638888888888888,0.0451751168228521,0.0451751168228521,1.593677732361727e-07,0.042,800,5.25e-05,1.066471233155444e-15,1.0806019769947677,7747.628,534.1803562928,2213.6079999999993,958.4922639999996,14.433333333333326,5915.616411666666,1064.8109541,Over,12.528935185184997,2.2315035879629295,914.5994859801449,2.570692133333332,1054.2612808824574
18805,11069.35,-29.32,-8064.93,88.7,178.26,,5534.675,20.833333333333332,129.34027777777794,0.0017638888888888888,0.045169770582735205,0.045169770582735205,1.5934891288909364e-07,0.042,800,5.25e-05,1.066345021831795e-15,1.0804740933710804,7748.545,534.243581242,2213.87,958.6057099999999,14.433333333333332,5930.049744999999,1067.4089540999998,Over,12.528935185185002,2.2315035879629304,916.8309895681078,2.570692133333333,1056.8319730157907
18899,11072.32,-25.93,-8158.82,87.68,177.6,,5536.16,20.833333333333332,130.20833333333348,0.0017638888888888888,0.04515765440305194,0.04515765440305194,1.5930616969965542e-07,0.042,800,5.25e-05,1.0660589892103713e-15,1.080184270817423,7750.623999999999,534.3869233023999,2214.463999999999,958.8629119999996,14.433333333333328,5944.483078333333,1070.0069540999998,Over,12.528935185184999,2.2315035879629295,919.0624931560708,2.570692133333332,1059.402665149124
18995,11074.65,-23.16,-8254.74,89.54,179.09,,5537.325,20.833333333333332,131.07638888888903,0.0017638888888888888,0.045148153666255825,0.045148153666255825,1.5927265321151361e-07,0.042,800,5.25e-05,1.065834700637382e-15,1.0799570104208414,7752.254999999999,534.4993768379999,2214.9299999999994,959.0646899999997,14.433333333333332,5958.916411666666,1072.6049540999998,Over,12.528935185185002,2.2315035879629304,921.2939967440337,2.570692133333333,1061.9733572824573
19090,11075.39,-20.96,-8349.71,89.57,178.26,,5537.695,20.833333333333332,131.94444444444457,0.0017638888888888888,0.045145137101266865,0.045145137101266865,1.5926201144058035e-07,0.042,800,5.25e-05,1.0657634871019244e-15,1.079884853306039,7752.772999999999,534.5350916947999,2215.0779999999995,959.1287739999998,14.43333333333333,5973.3497449999995,1075.2029541,Over,12.528935185185,2.23150358796293,923.5255003319967,2.5706921333333326,1064.5440494157906
19185,11075.67,-19.07,-8444.69,90.09,179.46,,5537.835,20.833333333333332,132.8125000000001,0.0017638888888888888,0.045143995803414154,0.045143995803414154,1.5925798519537769e-07,0.042,800,5.25e-05,1.0657365439213862e-15,1.0798575531283587,7752.968999999999,534.5486054244,2215.133999999999,959.1530219999996,14.433333333333328,5987.783078333333,1077.8009541,Over,12.528935185184999,2.2315035879629295,925.7570039199596,2.570692133333332,1067.114741549124
19280,11075.01,-18.0,-8539.68,90.71,179.25,,5537.505,20.833333333333332,133.68055555555566,0.0017638888888888888,0.04514668609780036,0.04514668609780036,1.5926747595612904e-07,0.042,800,5.25e-05,1.0658000550260252e-15,1.0799219057551341,7752.507,534.5167516332,2215.0019999999995,959.0958659999998,14.43333333333333,6002.216411666666,1080.3989540999999,Over,12.528935185185,2.23150358796293,927.9885075079226,2.5706921333333326,1069.6854336824572
19375,11075.19,-15.85,-8634.65,89.07,178.15,,5537.595,20.833333333333332,134.5486111111112,0.0017638888888888888,0.04514595234935021,0.04514595234935021,1.5926488745465214e-07,0.042,800,5.25e-05,1.0657827330649658e-15,1.0799043542780908,7752.633,534.5254390307999,2215.0379999999996,959.1114539999998,14.433333333333328,6016.649745,1082.9969540999998,Over,12.528935185184999,2.2315035879629295,930.2200110958855,2.570692133333332,1072.2561258157905
19469,11077.02,-12.02,-8728.56,88.7,177.18,,5538.51,20.833333333333332,135.41666666666674,0.0017638888888888888,0.04513849392706703,0.04513849392706703,1.5923857579826427e-07,0.042,800,5.25e-05,1.0656066584165942e-15,1.0797259466406282,7753.914,534.6137609064,2215.4039999999995,959.2699319999998,14.433333333333332,6031.083078333333,1085.5949541,Over,12.528935185185002,2.2315035879629304,932.4515146838485,2.570692133333333,1074.8268179491238
19564,11077.89,-6.53,-8823.39,90.25,176.19,,5538.945,20.833333333333332,136.28472222222229,0.0017638888888888888,0.045134948983967166,0.045134948983967166,1.5922607002677306e-07,0.042,800,5.25e-05,1.0655229711988276e-15,1.0796411505672263,7754.522999999999,534.6557499948,2215.5779999999995,959.3452739999998,14.43333333333333,6045.5164116666665,1088.1929541,Over,12.528935185185,2.23150358796293,934.6830182718114,2.5706921333333326,1077.397510082457
19659,11077.35,-0.06,-8918.17,90.4,176.0,,5538.675,20.833333333333332,137.15277777777783,0.0017638888888888888,0.045137149227929066,0.045137149227929066,1.5923383199852752e-07,0.042,800,5.25e-05,1.0655749134417329e-15,1.07969378104485,7754.1449999999995,534.6296878019999,2215.4699999999993,959.2985099999997,14.433333333333332,6059.949745,1090.7909541,Over,12.528935185185002,2.2315035879629304,936.9145218597744,2.570692133333333,1079.9682022157904
19754,11078.53,5.84,-9012.97,88.18,176.88,,5539.265,20.833333333333332,138.02083333333337,0.0017638888888888888,0.04513234156517155,0.04513234156517155,1.592168716326885e-07,0.042,800,5.25e-05,1.0654614165790748e-15,1.0795787803487618,7754.971,534.6866385195999,2215.705999999999,959.4006979999997,14.433333333333326,6074.383078333333,1093.3889540999999,Over,12.528935185184997,2.2315035879629295,939.1460254477373,2.570692133333332,1082.5388943491237
19850,11081.32,10.7,-9108.81,88.49,177.32,,5540.66,20.833333333333332,138.8888888888889,0.0017638888888888888,0.04512097836719813,0.04512097836719813,1.591767847953934e-07,0.042,800,5.25e-05,1.0651931599677455e-15,1.0793069693373323,7756.923999999999,534.8212931823999,2216.263999999999,959.6423119999996,14.433333333333328,6088.816411666667,1095.9869541,Over,12.528935185184999,2.2315035879629295,941.3775290357003,2.570692133333332,1085.109586482457
19944,11083.77,13.93,-9202.72,88.52,178.73,,5541.885,20.833333333333332,139.75694444444446,0.0017638888888888888,0.04511100464914014,0.04511100464914014,1.591415997344666e-07,0.042,800,5.25e-05,1.0649577054931472e-15,1.0790683950909454,7758.639,534.9395383164,2216.754,959.854482,14.433333333333332,6103.249745,1098.5849541,Over,12.528935185185002,2.2315035879629304,943.6090326236632,2.570692133333333,1087.6802786157903
20039,11084.79,15.74,-9297.69,90.25,179.09,,5542.395,20.833333333333332,140.625,0.0017638888888888888,0.04510685362555357,0.04510685362555357,1.5912695584570286e-07,0.042,800,5.25e-05,1.0648597102348153e-15,1.0789691013954406,7759.353,534.9887669028,2216.9579999999996,959.9428139999999,14.433333333333332,6117.6830783333335,1101.1829541,Over,12.528935185185002,2.2315035879629304,945.8405362116262,2.570692133333333,1090.2509707491236
20134,11083.97,17.32,-9392.67,90.74,179.01,,5541.985,20.833333333333332,141.49305555555554,0.0017638888888888888,0.04511019066273186,0.04511019066273186,1.5913872817130405e-07,0.042,800,5.25e-05,1.0649384893150902e-15,1.0790489242985293,7758.778999999999,534.9491909803999,2216.793999999999,959.8718019999995,14.433333333333326,6132.116411666667,1103.7809541,Over,12.528935185184997,2.2315035879629295,948.0720397995891,2.570692133333332,1092.8216628824568
20228,11083.59,19.45,-9486.65,89.72,178.39,,5541.795,20.833333333333332,142.3611111111111,0.0017638888888888888,0.04511173726202431,0.04511173726202431,1.591441842299191e-07,0.042,800,5.25e-05,1.064975000646341e-15,1.0790859194049192,7758.513,534.9308509187999,2216.718,959.8388939999999,14.433333333333332,6146.549745,1106.3789541,Over,12.528935185185002,2.2315035879629304,950.303543387552,2.570692133333333,1095.3923550157901
20322,11084.66,22.32,-9580.6,88.98,178.11,,5542.33,20.833333333333332,143.22916666666663,0.0017638888888888888,0.04510738263510112,0.04510738263510112,1.5912882207382896e-07,0.042,800,5.25e-05,1.06487219882376e-15,1.0789817554581889,7759.262,534.9824926711999,2216.932,959.9315559999999,14.43333333333333,6160.983078333334,1108.9769541,Over,12.528935185185,2.23150358796293,952.535046975515,2.5706921333333326,1097.9630471491234
20417,11086.37,26.01,-9675.51,88.95,177.44,,5543.185,20.833333333333332,144.09722222222217,0.0017638888888888888,0.04510042511660715,0.04510042511660715,1.5910427749469746e-07,0.042,800,5.25e-05,1.0647079492578527e-15,1.0788153295855334,7760.459,535.0650229483999,2217.2739999999994,960.0796419999997,14.433333333333326,6175.416411666667,1111.5749541,Over,12.528935185184997,2.2315035879629295,954.766550563478,2.570692133333332,1100.5337392824567
20512,11088.14,30.1,-9770.4,88.92,177.62,,5544.07,20.833333333333332,144.96527777777771,0.0017638888888888888,0.0450932257348843,0.0450932257348843,1.5907887967584182e-07,0.042,800,5.25e-05,1.064537989907575e-15,1.0786431182738645,7761.697999999999,535.1504490248,2217.6279999999997,960.2329239999999,14.433333333333332,6189.849745,1114.1729541,Over,12.528935185185002,2.2315035879629304,956.9980541514409,2.570692133333333,1103.10443141579
20607,11089.7,33.86,-9865.32,89.2,177.84,,5544.85,20.833333333333332,145.83333333333326,0.0017638888888888888,0.04508688242242802,0.04508688242242802,1.5905650187912108e-07,0.042,800,5.25e-05,1.0643882402061176e-15,1.0784913843888628,7762.79,535.225739804,2217.9399999999996,960.3680199999998,14.433333333333328,6204.283078333334,1116.7709541000002,Over,12.528935185184999,2.2315035879629295,959.2295577394038,2.570692133333332,1105.6751235491233
20701,11091.52,38.01,-9959.21,88.58,177.1,,5545.76,20.833333333333332,146.7013888888888,0.0017638888888888888,0.04507948414644701,0.04507948414644701,1.5903040240552138e-07,0.042,800,5.25e-05,1.064213585461125e-15,1.078314415468499,7764.063999999999,535.3135790463999,2218.303999999999,960.5256319999996,14.433333333333326,6218.716411666667,1119.3689541,Over,12.528935185184997,2.2315035879629295,961.4610613273668,2.570692133333332,1108.2458156824566
20744,11092.58,40.19,-10002.14,88.58,177.1,,5546.29,20.833333333333332,147.56944444444434,0.0017638888888888888,0.04507517637916517,0.04507517637916517,1.590152055598327e-07,0.042,800,5.25e-05,1.0641118898771774e-15,1.0782113724180642,7764.806,535.3647381656,2218.5159999999996,960.6174279999998,14.43333333333333,6233.149745000001,1121.9669541,Over,12.528935185185,2.23150358796293,963.6925649153297,2.5706921333333326,1110.81650781579
